{
  "roc": 0.6647222620325673,
  "pr": 0.34735819272513535,
  "brier": 0.22916349613923118,
  "accuracy": 0.6089374379344588,
  "precision": 0.3088551724137931,
  "recall": 0.634478068684121,
  "f1": 0.4154668249962892,
  "f2": 0.5239904899189397
}