{
  "epoch": [
    1,
    2,
    3,
    4,
    5,
    6,
    7,
    8,
    9,
    10,
    11,
    12,
    13,
    14,
    15,
    16,
    17,
    18,
    19,
    20,
    21,
    22,
    23,
    24,
    25,
    26,
    27,
    28,
    29,
    30
  ],
  "train_loss": [
    1.106405207882149,
    1.086013803162385,
    1.0724505330206697,
    1.0631695647864339,
    1.0552850209478706,
    1.050611464978774,
    1.0473270426521393,
    1.0420183613641494,
    1.0399568676533135,
    1.0376410765773032,
    1.0370782502563385,
    1.0346295068810993,
    1.0328482970798547,
    1.0330109725290189,
    1.0317440538753213,
    1.0290621970441804,
    1.0285068511922302,
    1.0283227971412903,
    1.027980369657945,
    1.0280602913733707,
    1.0260141147094828,
    1.0253461445628511,
    1.0239982084979784,
    1.0245915025171863,
    1.0238090646258502,
    1.023763876433846,
    1.023608836077651,
    1.021912068534326,
    1.0228396547609149,
    1.0230551322433992
  ],
  "val_loss": [
    1.075472354888916,
    1.0617197751998901,
    1.0507968664169312,
    1.0430535078048706,
    1.0372660160064697,
    1.0330700874328613,
    1.029910922050476,
    1.0273158550262451,
    1.0252647399902344,
    1.0236963033676147,
    1.0223063230514526,
    1.0211447477340698,
    1.0201786756515503,
    1.0193365812301636,
    1.018573522567749,
    1.017940640449524,
    1.017250895500183,
    1.0167275667190552,
    1.0161908864974976,
    1.015738844871521,
    1.015296220779419,
    1.0149108171463013,
    1.0145409107208252,
    1.014164686203003,
    1.0138803720474243,
    1.0135332345962524,
    1.0132728815078735,
    1.0130048990249634,
    1.0127639770507812,
    1.012495517730713
  ],
  "roc": [
    0.5673305347307601,
    0.5983076341682292,
    0.6178970573560638,
    0.6301199636153955,
    0.6380134922399748,
    0.643421762741131,
    0.6473229276144101,
    0.6503104108038774,
    0.6525384916571838,
    0.6544003956611069,
    0.6559544649561607,
    0.6573138521383131,
    0.6583943370544842,
    0.6593222535362162,
    0.6602276904193096,
    0.6609394014999386,
    0.6616443067479081,
    0.6622157193432664,
    0.6628308952976152,
    0.6633301577823614,
    0.6638495442083981,
    0.6643026282450837,
    0.6646756145290491,
    0.6651539768581951,
    0.6654514758503052,
    0.6658060328975401,
    0.6660892376600078,
    0.6664403728808197,
    0.6667422716213254,
    0.6669976983570824
  ],
  "pr": [
    0.26223895105820705,
    0.2863508158082895,
    0.30314582037218046,
    0.31412143155842553,
    0.32148552999735835,
    0.32675420416058243,
    0.33053995849274764,
    0.3333459746625924,
    0.335663004238695,
    0.33762780153983196,
    0.3392234404885857,
    0.3406354354453949,
    0.3418008606745653,
    0.342872643394964,
    0.3436761101930343,
    0.34452775519486034,
    0.3453531829143109,
    0.3459970134018247,
    0.346678381666843,
    0.34723702742116924,
    0.34783355252383236,
    0.3483309392581425,
    0.34881980078316976,
    0.34926014642745884,
    0.34969476945768563,
    0.3501009004435609,
    0.3503588105244745,
    0.3507054074402435,
    0.3510311344790651,
    0.3513397728679343
  ],
  "brier": [
    0.23195385741467772,
    0.22875137689529312,
    0.22781450626853605,
    0.2271121169946271,
    0.2270817748915839,
    0.22695879175286124,
    0.226772849329689,
    0.22707320188881724,
    0.22782053230709354,
    0.22744864031151857,
    0.22783862913071593,
    0.22772544936778863,
    0.2276699343702009,
    0.22781092723648924,
    0.22815383460647592,
    0.22756601979117821,
    0.2281820205923112,
    0.2282597782573601,
    0.22826320996087954,
    0.2282166746852176,
    0.22833795455470932,
    0.2279823462797172,
    0.22822637192799403,
    0.22782771927336548,
    0.2276638302076772,
    0.22811379995212927,
    0.22821836991852418,
    0.22731643560058107,
    0.22729615715177218,
    0.2276834849647245
  ],
  "accuracy": [
    0.62933452478467,
    0.6387668478665575,
    0.6347953434110258,
    0.6331570978231191,
    0.631072057983965,
    0.6309727703725767,
    0.6302032913843175,
    0.6270012659170452,
    0.6245935413408792,
    0.6248417603693499,
    0.6230545833643607,
    0.6236503090326905,
    0.6223099262789485,
    0.622111351056172,
    0.620373817856877,
    0.6218383101248541,
    0.6195546950629235,
    0.6196043388686177,
    0.6196043388686177,
    0.6195050512572294,
    0.618015737086405,
    0.6190830789088292,
    0.6181646685034875,
    0.6189093255888997,
    0.6192071884230645,
    0.6179412713778638,
    0.61729590190384,
    0.6196043388686177,
    0.6191079008116762,
    0.6173703676123812
  ],
  "precision": [
    0.26534531766151953,
    0.2874842347355145,
    0.2960166262556287,
    0.30071615019075026,
    0.30520611573446876,
    0.3089713599291901,
    0.31066084788029924,
    0.31008511419998774,
    0.31074260994953135,
    0.3112471492017765,
    0.3109023897277375,
    0.31192878338278934,
    0.3111111111111111,
    0.3119195956271306,
    0.31139225746268656,
    0.31191691603590915,
    0.31167101071532,
    0.3119032463399109,
    0.31222921841603607,
    0.31237381021055666,
    0.3114047687446136,
    0.3121760165879507,
    0.31231042179362445,
    0.31261121634808564,
    0.3131058216231718,
    0.3127494583190786,
    0.3126917395750483,
    0.313393420977094,
    0.31305544406857405,
    0.3124893314366999
  ],
  "recall": [
    0.3914324569356301,
    0.439143245693563,
    0.48424750679963735,
    0.5091795104261106,
    0.5361514052583862,
    0.55383046237534,
    0.5647098821396193,
    0.5738893925657298,
    0.5861287398005439,
    0.5877153218495014,
    0.592701722574796,
    0.5956482320942883,
    0.5965548504079783,
    0.6014279238440616,
    0.6052810516772439,
    0.6024478694469628,
    0.6098141432456936,
    0.6108340888485947,
    0.6125339981867634,
    0.6136672710788758,
    0.614233907524932,
    0.614233907524932,
    0.618427017225748,
    0.6171804170444243,
    0.6186536718041704,
    0.6216001813236628,
    0.6237533998186764,
    0.6186536718041704,
    0.6187669990933817,
    0.6223934723481415
  ],
  "f1": [
    0.31628588434595484,
    0.34748688517239834,
    0.3674276624102498,
    0.37811908268462024,
    0.3889825282631038,
    0.3966559798709468,
    0.40082046332046334,
    0.402623732856291,
    0.40615674572011934,
    0.4069685317429177,
    0.40786087499025186,
    0.40944145828464595,
    0.4089496581727781,
    0.410790308847434,
    0.4112257468432399,
    0.4110256311130011,
    0.41251101997010237,
    0.4129477111664432,
    0.4136215802563612,
    0.414006651630414,
    0.41328300735826756,
    0.4139616589017032,
    0.4150283302277826,
    0.4150123833111069,
    0.4157812559503408,
    0.4161292769896063,
    0.41655944902747294,
    0.416034752124376,
    0.4157624214734437,
    0.4160763665290352
  ],
  "f2": [
    0.35746072485666386,
    0.3972321886212199,
    0.4296113088415676,
    0.44718036506957026,
    0.46567710691576275,
    0.47805841958014594,
    0.48533193080878917,
    0.4904410482886862,
    0.4978821717366192,
    0.49905693059779055,
    0.5017460378372155,
    0.5039696237487056,
    0.5040600582197028,
    0.507264385394762,
    0.5091709884075656,
    0.5078430997917422,
    0.5118814330016552,
    0.5125815470643057,
    0.5137149048605699,
    0.5144306587372461,
    0.5142217415229312,
    0.5146416498917543,
    0.5170649434326973,
    0.516531669101049,
    0.5176272022150158,
    0.5190786236135821,
    0.520246512155469,
    0.5177843118656928,
    0.5176631207690995,
    0.519377352423824
  ]
}