{
  "epoch": [
    1,
    2,
    3,
    4,
    5,
    6,
    7,
    8,
    9,
    10,
    11,
    12,
    13,
    14,
    15,
    16,
    17,
    18,
    19,
    20,
    21,
    22,
    23,
    24,
    25,
    26,
    27,
    28,
    29,
    30,
    31,
    32,
    33,
    34,
    35,
    36,
    37,
    38
  ],
  "train_loss": [
    1.107214893050177,
    1.077714489898461,
    1.0611610659339696,
    1.051210704043381,
    1.0439923905172273,
    1.0398928807494032,
    1.0353356066291894,
    1.0326886285431611,
    1.0299928045415907,
    1.0288007741665393,
    1.0268246923866924,
    1.0258890379145111,
    1.023677155199089,
    1.0251218222490057,
    1.0230605385692058,
    1.0223730114163454,
    1.02108280645137,
    1.0221383530020134,
    1.0199808418368013,
    1.0205445575941667,
    1.0186836056572477,
    1.0198516281072605,
    1.0194448798911213,
    1.0180717182119594,
    1.0180489161074389,
    1.0179319868132772,
    1.0182115411414423,
    1.0172949407517269,
    1.0161165589606704,
    1.0171428984869981,
    1.0175596974694925,
    1.016334164675541,
    1.0162243673159252,
    1.015804539597561,
    1.015475118925684,
    1.0154670460956559,
    1.0159341596108136,
    1.0148445051342105
  ],
  "val_loss": [
    1.0722579956054688,
    1.0538755655288696,
    1.0429834127426147,
    1.0358690023422241,
    1.0307039022445679,
    1.0270435810089111,
    1.0244561433792114,
    1.0222669839859009,
    1.020554780960083,
    1.0191717147827148,
    1.0179805755615234,
    1.0169880390167236,
    1.0163592100143433,
    1.015551209449768,
    1.015171766281128,
    1.0145281553268433,
    1.0141527652740479,
    1.013669729232788,
    1.0135269165039062,
    1.0130599737167358,
    1.0127604007720947,
    1.0126804113388062,
    1.0123496055603027,
    1.0121166706085205,
    1.0119729042053223,
    1.0117409229278564,
    1.0115724802017212,
    1.0114706754684448,
    1.0113344192504883,
    1.0110716819763184,
    1.0110636949539185,
    1.0109132528305054,
    1.0109150409698486,
    1.0106964111328125,
    1.010593295097351,
    1.0105727910995483,
    1.0104758739471436,
    1.0104100704193115
  ],
  "roc": [
    0.59291914362476,
    0.6265063960491347,
    0.6399928531373135,
    0.6468304151325238,
    0.6515180021639774,
    0.6545883439797999,
    0.6570543102060418,
    0.6589923840661436,
    0.6605562704011092,
    0.6618958758246134,
    0.6629721933163935,
    0.6637634024296379,
    0.6644738366287226,
    0.6652111969998348,
    0.6656006044487086,
    0.6661525234392228,
    0.6665054632232326,
    0.6669311438331527,
    0.6671605358727137,
    0.6675180933214333,
    0.6677581938767374,
    0.6679473380337174,
    0.6681536453516512,
    0.6683809374703651,
    0.6685927665355691,
    0.668735696225263,
    0.6689862711713443,
    0.669015527787262,
    0.6691420669283891,
    0.6693339485465075,
    0.6693633618460563,
    0.669489304869001,
    0.6695208397009321,
    0.669793121633265,
    0.6698526506072596,
    0.6699318298697294,
    0.6699446887332352,
    0.6700872005999132
  ],
  "pr": [
    0.2911289632950501,
    0.3145479485385624,
    0.32443781298451424,
    0.3302076389443114,
    0.3350311348342291,
    0.3381162261541515,
    0.3407502204365038,
    0.3429395885337143,
    0.34445385752711444,
    0.3458530202004242,
    0.3470154383430848,
    0.3477887877055684,
    0.3486297668158765,
    0.3493968649227298,
    0.34987660214060584,
    0.3505178295982107,
    0.3509332465610586,
    0.3515074809133426,
    0.35177005275550055,
    0.35220991547160024,
    0.3524915852698427,
    0.35258668912545676,
    0.35289408842961334,
    0.35316332761431707,
    0.3534144523218904,
    0.3535878822666862,
    0.35394718915365164,
    0.35392048488192296,
    0.3540102616479817,
    0.3542485780730987,
    0.3542429383412511,
    0.3544555390290671,
    0.3544134344183161,
    0.35482252365227324,
    0.354869557107914,
    0.35494661430667096,
    0.35495108443086465,
    0.35517205704635335
  ],
  "brier": [
    0.2213257139204753,
    0.21934024201225374,
    0.21818653505098945,
    0.21869586260224266,
    0.2194006974045639,
    0.22016010913212902,
    0.22015482283048307,
    0.22084658260928836,
    0.2212203425892873,
    0.22135757088597385,
    0.22187564449165115,
    0.22269391967735083,
    0.22232985773595235,
    0.2226841383131141,
    0.2225234453664024,
    0.22289053923826013,
    0.2229971061821291,
    0.2233451928552674,
    0.222641994934361,
    0.22341658833317782,
    0.22363039597455237,
    0.22297136671361292,
    0.22369826884991156,
    0.22356160145606507,
    0.2232321574782446,
    0.22358372107706453,
    0.22312134663681052,
    0.22331657253830955,
    0.22343550544863522,
    0.22397645791563223,
    0.2237151057081433,
    0.22390177777722664,
    0.2236679243216719,
    0.22336003802339596,
    0.22369057970380427,
    0.22324331481133056,
    0.22386942285754174,
    0.22330239142887331
  ],
  "accuracy": [
    0.7045200685084518,
    0.6873681336411249,
    0.6753046888574478,
    0.6636135726164768,
    0.6558691389281902,
    0.6489438280338571,
    0.6477771986000447,
    0.6434581875046541,
    0.6413979695683472,
    0.6404050934544642,
    0.6371534241814978,
    0.6340010425199196,
    0.6356392881078263,
    0.6342740834512374,
    0.6350187405366495,
    0.6332563854345075,
    0.632784769280413,
    0.6313450989152829,
    0.6333556730458957,
    0.6305259761213294,
    0.630029538064388,
    0.6316677836522948,
    0.6289125524362698,
    0.6292848809789758,
    0.6301536475786234,
    0.6292352371732817,
    0.6306004418298706,
    0.6297068533273761,
    0.629309702881823,
    0.6281678953508576,
    0.6285154019907166,
    0.62831682676794,
    0.6286146896021049,
    0.6295827438131407,
    0.6288132648248814,
    0.629309702881823,
    0.6276962791967632,
    0.629359346687517
  ],
  "precision": [
    0.31744902797534374,
    0.3259484907227915,
    0.3263441298849637,
    0.3244988864142539,
    0.32310824090972906,
    0.3212581490691579,
    0.32234141173354525,
    0.3211749515816656,
    0.32068371707379295,
    0.3208931621228414,
    0.31909579118271514,
    0.31811758923634575,
    0.31961303838807076,
    0.31933235509904623,
    0.31985294117647056,
    0.31904153743234204,
    0.3186953352769679,
    0.31817084942084944,
    0.3190531248098339,
    0.3176923539673946,
    0.3177922934020495,
    0.318486329893174,
    0.3172434367541766,
    0.31735309940821327,
    0.31775644871025793,
    0.31753328159512867,
    0.31823091694671146,
    0.3175011978917106,
    0.3177425128266317,
    0.31774040738986264,
    0.3178312967137264,
    0.31821943721920076,
    0.3182087430399242,
    0.3184064788900137,
    0.3187034189045309,
    0.3183277830637488,
    0.31790032438808613,
    0.3184304399524376
  ],
  "recall": [
    0.3034904805077063,
    0.4001586582048957,
    0.45330915684496825,
    0.49535358114233907,
    0.5216455122393472,
    0.541704442429737,
    0.5516772438803264,
    0.5638032638259293,
    0.5698096101541251,
    0.574909338168631,
    0.579102447869447,
    0.5868087035358114,
    0.5878286491387126,
    0.5919084315503174,
    0.5915684496826836,
    0.5945149592021759,
    0.5946282864913871,
    0.5976881233000907,
    0.5941749773345422,
    0.5984814143245694,
    0.6009746146872167,
    0.5980281051677244,
    0.602561196736174,
    0.6016545784224842,
    0.6002946509519492,
    0.6027878513145966,
    0.6009746146872167,
    0.6007479601087942,
    0.6035811423390752,
    0.608114233907525,
    0.607207615593835,
    0.610040797824116,
    0.6087941976427924,
    0.6059610154125114,
    0.6106074342701723,
    0.6066409791477788,
    0.6108340888485947,
    0.6069809610154125
  ],