{
  "epoch": [
    1,
    2,
    3,
    4,
    5,
    6,
    7,
    8,
    9,
    10,
    11
  ],
  "train_loss": [
    1.101145593547569,
    1.08400281170921,
    1.070096639211795,
    1.06104687251593,
    1.0540583372936765,
    1.049193957136304,
    1.0448268997635797,
    1.0419914478922407,
    1.0390064532194268,
    1.0366701081528413,
    1.0354478368329765
  ],
  "val_loss": [
    1.0787242650985718,
    1.0649470090866089,
    1.0548561811447144,
    1.047409176826477,
    1.0418035984039307,
    1.0374279022216797,
    1.0340369939804077,
    1.031064748764038,
    1.0287754535675049,
    1.0267640352249146,
    1.0251551866531372
  ],
  "roc": [
    0.5471680276555037,
    0.5868265330524371,
    0.6106747325911086,
    0.6248775400361617,
    0.6337971861579327,
    0.6399091804764617,
    0.6440449493712326,
    0.6474498161420246,
    0.6499890760892884,
    0.6521046058676931,
    0.6538577732326958
  ],
  "pr": [
    0.24900330866267037,
    0.2806556589908818,
    0.29938147322227593,
    0.31078898583938264,
    0.3182283517932935,
    0.32327977811252867,
    0.32692590616664613,
    0.3298570128178072,
    0.332126217233166,
    0.3339592621865862,
    0.33566494523976104
  ],
  "brier": [
    0.2529485036581302,
    0.2492447655621351,
    0.2471821822901459,
    0.24569850316008002,
    0.24469644269868648,
    0.24362361639443797,
    0.24261931961197605,
    0.24138945669269815,
    0.24051700065464876,
    0.23923706486038776,
    0.23874714538522046
  ],
  "accuracy": [
    0.4849206940204036,
    0.5131928413632189,
    0.5298979819792985,
    0.5428798371683173,
    0.5513192841363219,
    0.558889964504679,
    0.566137960136024,
    0.5737582843100753,
    0.5784496239481719,
    0.5836125797403628,
    0.5864919204706233
  ],
  "precision": [
    0.23787965364159816,
    0.2547735951991271,
    0.2669032585150021,
    0.2754681647940075,
    0.2811731315042573,
    0.285124165425813,
    0.2885000733101999,
    0.292482847767724,
    0.2944318468127992,
    0.29624314489262465,
    0.29818144351141107
  ],
  "recall": [
    0.613327289211242,
    0.6350861287398005,
    0.6562783318223028,
    0.6668177697189483,
    0.6736174070716229,
    0.6727107887579329,
    0.668970988213962,
    0.666704442429737,
    0.6621713508612874,
    0.6550317316409792,
    0.655938349954669
  ],
  "f1": [
    0.34280285035629454,
    0.363659961064244,
    0.3794764260672979,
    0.38987543069175723,
    0.39674275797623815,
    0.4004992747022906,
    0.4031415400375619,
    0.4065934065934066,
    0.40761798458265025,
    0.40797600141168167,
    0.40998760403754203
  ],
  "f2": [
    0.4661739624786811,
    0.48907351811771277,
    0.5080448476128647,
    0.5192742163230726,
    0.5266142178751152,
    0.528913837654816,
    0.5293505748157182,
    0.530860855441256,
    0.5298235432799551,
    0.5273049063075884,
    0.5289999451624107
  ]
}