{
  "epoch": [
    1,
    2,
    3,
    4,
    5,
    6,
    7,
    8,
    9,
    10,
    11,
    12,
    13,
    14,
    15,
    16,
    17,
    18,
    19,
    20,
    21,
    22,
    23,
    24,
    25,
    26,
    27,
    28,
    29,
    30,
    31,
    32,
    33,
    34,
    35,
    36,
    37
  ],
  "train_loss": [
    1.107214893050177,
    1.0782459060877243,
    1.0605136353203073,
    1.051039763249586,
    1.0437100580461967,
    1.0396394998439726,
    1.0357306035979035,
    1.0323659230936915,
    1.0308413085081156,
    1.0284212497242866,
    1.027979113815481,
    1.0258157966473866,
    1.0245801780082326,
    1.02289850220888,
    1.0226206332756704,
    1.022469093251336,
    1.0225139978368152,
    1.0208425055048005,
    1.0202301307970987,
    1.0202559338131305,
    1.0203691755140467,
    1.0192996322029553,
    1.0187599165665906,
    1.0184731664141493,
    1.0187967006517713,
    1.018628999162698,
    1.0182651913499707,
    1.016571428476526,
    1.0176215060128389,
    1.0169403380121538,
    1.0163972262869703,
    1.015873167880021,
    1.0158620413006128,
    1.0160125940548992,
    1.0158088800519793,
    1.015347517054931,
    1.0153989346637249
  ],
  "val_loss": [
    1.0722579956054688,
    1.0537803173065186,
    1.0426894426345825,
    1.0357465744018555,
    1.030647873878479,
    1.0270944833755493,
    1.0244358777999878,
    1.0222867727279663,
    1.0206561088562012,
    1.0191822052001953,
    1.0179766416549683,
    1.0171031951904297,
    1.0163085460662842,
    1.0157252550125122,
    1.0150723457336426,
    1.0144832134246826,
    1.0140455961227417,
    1.013650894165039,
    1.013400673866272,
    1.0130914449691772,
    1.0128015279769897,
    1.0125582218170166,
    1.012376070022583,
    1.0121369361877441,
    1.0119402408599854,
    1.011818289756775,
    1.0116212368011475,
    1.01150381565094,
    1.0114104747772217,
    1.0111849308013916,
    1.0111006498336792,
    1.010980248451233,
    1.0108845233917236,
    1.010679841041565,
    1.0107276439666748,
    1.010532259941101,
    1.010515809059143
  ],
  "roc": [
    0.59291914362476,
    0.6266583305452051,
    0.6400429378703802,
    0.6470411978392269,
    0.6513648412132784,
    0.6546510678590971,
    0.6569891280146039,
    0.6589870262063494,
    0.6605524631689732,
    0.6617507741756216,
    0.6628928483654865,
    0.6637790852004235,
    0.664507152611355,
    0.6652130141697616,
    0.6657048494902084,
    0.6662066243159337,
    0.6665934347786484,
    0.6669454614752915,
    0.6672550215050624,
    0.6674435137140607,
    0.6677651996160984,
    0.6679312788620253,
    0.6681475328890828,
    0.6683582921832891,
    0.6685056414319527,
    0.6686461488287312,
    0.6688146323579607,
    0.668888707696176,
    0.6690758725967145,
    0.6692830173616413,
    0.6693377990017142,
    0.6695262011626487,
    0.669595689452496,
    0.6697471250822931,
    0.6697841906663007,
    0.6699314732793968,
    0.6699674096606847
  ],
  "pr": [
    0.2911289632950501,
    0.3145221394745203,
    0.32463131776115467,
    0.3307244740333529,
    0.3349479687273304,
    0.33822864727649776,
    0.3405477021526715,
    0.3427282559529574,
    0.344263695325607,
    0.3455499761429415,
    0.34680373809917964,
    0.34768938246285075,
    0.3485181154403046,
    0.3493063805786572,
    0.3499003013748236,
    0.35043075821591496,
    0.3509059626624815,
    0.35135948637078507,
    0.3516954392692375,
    0.3518796921412739,
    0.3522206200222994,
    0.3525416454466185,
    0.3527739843908669,
    0.3529953188051156,
    0.3531218448927924,
    0.3532609224578512,
    0.3534868018360142,
    0.3534841818796479,
    0.3537213193605627,
    0.35401903117300204,
    0.35406111074504526,
    0.35432949236470984,
    0.354394695196781,
    0.3545389462668779,
    0.3545247020682387,
    0.3547790349354868,
    0.35484499211959447
  ],
  "brier": [
    0.2213257139204753,
    0.2192205605457849,
    0.21876047264876883,
    0.2185273976605941,
    0.21971331419203105,
    0.21996637648740527,
    0.220575803805799,
    0.2208734829982655,
    0.2211071832037356,
    0.2219040958872774,
    0.22221872111420135,
    0.2220887962227601,
    0.2222583940619073,
    0.22191784328440434,
    0.22252203095097864,
    0.22301977990055857,
    0.2231919106269324,
    0.22334713292826666,
    0.22297205364137976,
    0.22351482103545273,
    0.22348143534515652,
    0.22387042847253086,
    0.22357287278646815,
    0.22370325008195785,
    0.223999581944222,
    0.22386221321178928,
    0.22390060840311557,
    0.223865339800978,
    0.2234983601845384,
    0.22373423631691935,
    0.22379135532664032,
    0.2234933829502165,
    0.22348970513906066,
    0.2238645464417888,
    0.2231463257212084,
    0.22361141036694746,
    0.2233279227113118
  ],
  "accuracy": [
    0.7045200685084518,
    0.6885595849777844,
    0.6723012386129521,
    0.6644823392161243,
    0.6549259066200015,
    0.649961526050587,
    0.6467098567776206,
    0.6428872837391715,
    0.6414476133740412,
    0.6381711221982277,
    0.6359619728448382,
    0.636532876610321,
    0.6361357261647678,
    0.6372775336957331,
    0.6350683843423437,
    0.6333804949487428,
    0.6326358378633306,
    0.6316926055551418,
    0.632437262640554,
    0.631072057983965,
    0.6308734827611885,
    0.6299550723558468,
    0.6304515104127882,
    0.6298806066473056,
    0.628664333407799,
    0.6285650457964107,
    0.628664333407799,
    0.6288877305334227,
    0.6292104152704346,
    0.6295082781045995,
    0.6288132648248814,
    0.6297316752302231,
    0.6292848809789758,
    0.6285650457964107,
    0.6304018666070941,
    0.628639511504952,
    0.6292848809789758
  ],
  "precision": [
    0.31744902797534374,
    0.32707849512308407,
    0.32443054218800127,
    0.3253702463347473,
    0.32299219185722255,
    0.3221937744239321,
    0.3218731475992887,
    0.32051364780280056,
    0.3205872965209065,
    0.319666478590684,
    0.31852634194831014,
    0.319498728208946,
    0.3195844412837796,
    0.32067405984759306,
    0.31984798332720366,
    0.3192485408560311,
    0.31886517943743936,
    0.3182422630560928,
    0.31862269641125124,
    0.318288499729193,
    0.3183101977044649,
    0.3181926846760698,
    0.3182254196642686,
    0.31807041664175983,
    0.31770647653000594,
    0.3175008916894543,
    0.31787961533895287,
    0.3182007002551777,
    0.3180573741221283,
    0.31888875697494956,
    0.3186175878802225,
    0.3189732010220453,
    0.3186539260490237,
    0.31870792488484706,
    0.31916289053183877,
    0.31874298540965207,
    0.31880448318804483
  ],
  "recall": [
    0.3034904805077063,
    0.3990253853127833,
    0.4584088848594742,
    0.49546690843155033,
    0.5250453309156845,
    0.5419310970081596,
    0.55383046237534,
    0.5628966455122394,
    0.5691296464188577,
    0.5778558476881233,
    0.581029011786038,
    0.5836355394378967,
    0.585675430643699,
    0.586582048957389,
    0.5913417951042611,
    0.595081595648232,
    0.5961015412511332,
    0.5966681776971895,
    0.5956482320942883,
    0.5993880326382592,
    0.6002946509519492,
    0.6033544877606528,
    0.601541251133273,
    0.6030145058930191,
    0.6059610154125114,
    0.6052810516772439,
    0.6068676337262012,
    0.60766092475068,
    0.6056210335448776,
    0.6087941976427924,
    0.6101541251133273,
    0.6083408884859474,
    0.6084542157751587,
    0.6116273798730735,
    0.6066409791477788,
    0.6115140525838622,
    0.6092475067996374
  ],