{
  "roc": 0.6663004541268969,
  "pr": 0.3485721507101317,
  "brier": 0.2236163955860327,
  "accuracy": 0.6278053624627606,
  "precision": 0.31673697344186325,
  "recall": 0.6042162529751786,
  "f1": 0.4156077025025337,
  "f2": 0.5113865280202597
}