{
  "timestamp": "2025-06-12T20:29:47",
  "roc_auc": 0.6369535473460385,
  "pr_auc": 0.31694762494472944,
  "brier": 0.23327216523582775,
  "ks": 0.19828785238447233,
  "gini": 0.27390709469207697,
  "opt_threshold": 0.5081019987589769,
  "confusion_matrix": [
    [
      19522,
      11935
    ],
    [
      3726,
      5097
    ]
  ]
}