{
  "model_name": "RiskNN",
  "num_features": 8,
  "cat_dims": [
    6,
    4,
    5,
    2,
    3,
    2
  ],
  "emb_dims": [
    4,
    3,
    3,
    2,
    2,
    2
  ],
  "hidden_layers": [
    256,
    128,
    64
  ],
  "dropout": 0.15579754426081674,
  "optimizer": "AdamW",
  "learning_rate": 0.0003135775732257748,
  "weight_decay": 1.2562773503807034e-05,
  "params_total": 48578,
  "params_trainable": 48578,
  "seed": 42,
  "pytorch_version": "2.2.2+cu121",
  "opt_temperature": 0.950973391532898
}