{
  "train_loss": [
    1.0859278336096065,
    1.040065665794237,
    1.024666634186037,
    1.01736614929,
    1.014911369200936,
    1.012095470656734,
    1.0102723225136463,
    1.0091599460410792,
    1.0081380508687832,
    1.0075228822953475,
    1.0059244911075522,
    1.0065720695492195,
    1.0051481399548412,
    1.0051619414596016,
    1.005067640513588
  ],
  "valid_loss": [
    0.24352466038779844,
    0.23569772511091588,
    0.22706924323733724,
    0.2296321275950863,
    0.2286248587969241,
    0.22533606850217203,
    0.22524526966669842,
    0.22702572415921815,
    0.22483576298432456,
    0.22495635009484422,
    0.22644175251495668,
    0.22565198527281602,
    0.2254143823507521,
    0.2256378837696163,
    0.22549331183885296
  ],
  "roc": [
    0.6232441474017358,
    0.6579556679118465,
    0.6659879750103801,
    0.6688114698699611,
    0.669993844170284,
    0.6711895798023086,
    0.6718646881459778,
    0.6721404027105015,
    0.672317502038472,
    0.6729368093979864,
    0.6728363391713198,
    0.6730483033086194,
    0.6730584229100255,
    0.6730670188981926,
    0.6730907627716465
  ],
  "pr": [
    0.3104481389744126,
    0.34081303886129266,
    0.34847718588432597,
    0.3527178332166132,
    0.35395377573473347,
    0.3550127034198291,
    0.35634443953204864,
    0.3568360890374619,
    0.3572212654749959,
    0.35788548127001707,
    0.35729622582539167,
    0.3579401918943959,
    0.35808263913088556,
    0.358119772048078,
    0.3581291600098878
  ],
  "brier": [
    0.24352466038779844,
    0.23569772511091588,
    0.22706924323733724,
    0.2296321275950863,
    0.2286248587969241,
    0.22533606850217203,
    0.22524526966669842,
    0.22702572415921815,
    0.22483576298432456,
    0.22495635009484422,
    0.22644175251495668,
    0.22565198527281602,
    0.2254143823507521,
    0.2256378837696163,
    0.22549331183885296
  ],
  "accuracy": [
    0.565095440216447,
    0.5914563010400378,
    0.6144910268821208,
    0.6075905378906347,
    0.612530096557202,
    0.6202993521483356,
    0.6204979273711123,
    0.6143172735621912,
    0.6220617072504778,
    0.6220865291533249,
    0.6182887780177229,
    0.6205475711768064,
    0.6209447216223596,
    0.620423461662571,
    0.6209447216223596
  ],
  "precision": [
    0.28169084793413324,
    0.3011615188291057,
    0.3116540297669194,
    0.3097248706074639,
    0.31316079295154187,
    0.3162436836427639,
    0.31548604372395683,
    0.3141401838113166,
    0.3176068376068376,
    0.31743768182077464,
    0.31556731202161187,
    0.3168603003683763,
    0.31679454390451833,
    0.31650022696323193,
    0.31673204843936553
  ],
  "recall": [
    0.6358794197642792,
    0.6552583862194016,
    0.6288531278331823,
    0.6442656391659112,
    0.6444922937443336,
    0.6312330009066183,
    0.6263599274705349,
    0.6430190389845875,
    0.6316863100634633,
    0.6306663644605621,
    0.6354261106074343,
    0.6336128739800544,
    0.6316863100634633,
    0.6321396192203083,
    0.6313463281958296
  ],
  "f1": [
    0.39042549490310685,
    0.4126610284409235,
    0.4167636786961583,
    0.41833768718495895,
    0.42150904239549364,
    0.4213791277376404,
    0.41961811486922523,
    0.42207840511790523,
    0.42268901190566466,
    0.42231075697211157,
    0.4217057761732852,
    0.422456458498621,
    0.4219690374351792,
    0.42180883242589234,
    0.42183773142013403
  ],
  "f2": [
    0.5081046816988137,
    0.5305073859987155,
    0.5224948682699008,
    0.5298130510148925,
    0.5319328045495361,
    0.5263754748719499,
    0.5232415033607877,
    0.5316915926384047,
    0.5273814479809257,
    0.5267192912715088,
    0.5283242876526458,
    0.5280406490243856,
    0.5269327484827286,
    0.5270219198790628,
    0.5267088966625697
  ]
}